horizon,comparison,dm_stat,p_value
1d,XGB vs GARCH,-11.4757,0.0000
1d,XGB vs Naive,-2.6007,0.0093
1w,XGB vs GARCH,7.0542,0.0000
1w,XGB vs Naive,45.7341,0.0000
1m,XGB vs GARCH,-132.0464,0.0000
1m,XGB vs Naive,88.9126,0.0000
1d,LSTM vs GARCH,15.6884,0.0000
1d,LSTM vs Naive,16.6255,0.0000
1d,LSTM vs XGBoost,16.8049,0.0000
1w,LSTM vs GARCH,-4.1355,0.0000
1w,LSTM vs Naive,43.6738,0.0000
1w,LSTM vs XGBoost,-11.5332,0.0000
1m,LSTM vs GARCH,-121.2739,0.0000
1m,LSTM vs Naive,91.9091,0.0000
1m,LSTM vs XGBoost,44.5688,0.0000
